<?xml version="1.0" encoding="UTF-8"?>
<Configuration status="WARN" monitorInterval="30">
    <Properties>
        <Property name="LOG_PATTERN">%d{yyyy-MM-dd'T'HH:mm:ss.SSSZ} %p %m%n</Property>
        <Property name="APP_LOG_ROOT">/volume/data/mlng/logs</Property>
        <Property name="APP_NAME">MailingSystem</Property>
    </Properties>
    <Appenders>
        <Console name="Console" target="SYSTEM_OUT" follow="true">
            <PatternLayout pattern="${LOG_PATTERN}" />
        </Console>
 
        <RollingFile name="appLog"
            fileName="${APP_LOG_ROOT}/${APP_NAME}.log"
            filePattern="${APP_LOG_ROOT}/${APP_NAME}-%d{yyyy-MM-dd}-%i.log">
            <PatternLayout pattern="${LOG_PATTERN}" />
            <Policies>
                <SizeBasedTriggeringPolicy size="19500KB" />
            </Policies>
            <DefaultRolloverStrategy max="1" />
        </RollingFile>
 
    </Appenders>
    <Loggers>
 
        <Logger name="com.hackfse.giveaway" additivity="false">
            <AppenderRef ref="appLog" />
            <AppenderRef ref="Console" />
        </Logger>
 
        <Root level="debug">
            <AppenderRef ref="Console" />
        </Root>
    </Loggers>
</Configuration>